{
  "metrics": {
    "precision": 0.11541027351567712,
    "recall": 0.9942528735632183,
    "fbeta": 0.6866682231838602
  },
  "full_cls_report": {
    "False": {
      "precision": 0.9193972314701244,
      "recall": 0.9569578697793178,
      "f1-score": 0.9378016085790885,
      "support": 5483.0
    },
    "True": {
      "precision": 0.5,
      "recall": 0.3390804597701149,
      "f1-score": 0.4041095890410959,
      "support": 696.0
    },
    "accuracy": 0.8873604143065221,
    "macro avg": {
      "precision": 0.7096986157350622,
      "recall": 0.6480191647747164,
      "f1-score": 0.6709555988100921,
      "support": 6179.0
    },
    "weighted avg": {
      "precision": 0.8721565010763379,
      "recall": 0.8873604143065221,
      "f1-score": 0.8776867606104134,
      "support": 6179.0
    }
  }
}