{
  "False": {
    "precision": 0.9346418876592191,
    "recall": 0.612311901504788,
    "f1-score": 0.7398958591619142,
    "support": 7310.0
  },
  "True": {
    "precision": 0.17831255436358365,
    "recall": 0.6627155172413793,
    "f1-score": 0.2810143934201508,
    "support": 928.0
  },
  "accuracy": 0.6179898033503277,
  "macro avg": {
    "precision": 0.5564772210114014,
    "recall": 0.6375137093730836,
    "f1-score": 0.5104551262910325,
    "support": 8238.0
  },
  "weighted avg": {
    "precision": 0.8494423706285867,
    "recall": 0.6179898033503277,
    "f1-score": 0.6882034580684017,
    "support": 8238.0
  }
}