{
  "precision": 0.11541027351567712,
  "recall": 0.9942528735632183,
  "fbeta": 0.6866682231838602
}