{
  "0": {
    "precision": 0.9097222222222222,
    "recall": 0.39425444596443227,
    "f1-score": 0.5501049818667685,
    "support": 7310.0
  },
  "1": {
    "precision": 0.12662721893491125,
    "recall": 0.6918103448275862,
    "f1-score": 0.21407135711903968,
    "support": 928.0
  },
  "accuracy": 0.4277737314882253,
  "macro avg": {
    "precision": 0.5181747205785667,
    "recall": 0.5430323953960092,
    "f1-score": 0.3820881694929041,
    "support": 8238.0
  },
  "weighted avg": {
    "precision": 0.8215075872318575,
    "recall": 0.4277737314882253,
    "f1-score": 0.5122512304992166,
    "support": 8238.0
  }
}