{
  "False": {
    "precision": 0.9151246367946169,
    "recall": 0.8186046511627907,
    "f1-score": 0.8641779189833201,
    "support": 7310.0
  },
  "True": {
    "precision": 0.21954090641553856,
    "recall": 0.4019396551724138,
    "f1-score": 0.28397411496003044,
    "support": 928.0
  },
  "accuracy": 0.7716678805535324,
  "macro avg": {
    "precision": 0.5673327716050777,
    "recall": 0.6102721531676023,
    "f1-score": 0.5740760169716752,
    "support": 8238.0
  },
  "weighted avg": {
    "precision": 0.8367680330325648,
    "recall": 0.7716678805535324,
    "f1-score": 0.7988187140629981,
    "support": 8238.0
  }
}