{
  "metrics": {
    "precision": 0.18722627737226277,
    "recall": 0.7370689655172413,
    "fbeta": 0.46433743660886784
  },
  "full_cls_report": {
    "False": {
      "precision": 0.9074291464028174,
      "recall": 0.9868685026445376,
      "f1-score": 0.9454831382142234,
      "support": 5483.0
    },
    "True": {
      "precision": 0.6666666666666666,
      "recall": 0.20689655172413793,
      "f1-score": 0.3157894736842105,
      "support": 696.0
    },
    "accuracy": 0.8990127852403301,
    "macro avg": {
      "precision": 0.787047906534742,
      "recall": 0.5968825271843378,
      "f1-score": 0.6306363059492169,
      "support": 6179.0
    },
    "weighted avg": {
      "precision": 0.880309760434803,
      "recall": 0.8990127852403301,
      "f1-score": 0.874554704727755,
      "support": 6179.0
    }
  },
  "best_cls_report": {
    "False": {
      "precision": 0.9467868566443733,
      "recall": 0.5938354915192413,
      "f1-score": 0.7298811925577224,
      "support": 5483.0
    },
    "True": {
      "precision": 0.18722627737226277,
      "recall": 0.7370689655172413,
      "f1-score": 0.29860302677532014,
      "support": 696.0
    },
    "accuracy": 0.6099692506878136,
    "macro avg": {
      "precision": 0.5670065670083181,
      "recall": 0.6654522285182414,
      "f1-score": 0.5142421096665213,
      "support": 6179.0
    },
    "weighted avg": {
      "precision": 0.8612302676860648,
      "recall": 0.6099692506878136,
      "f1-score": 0.6813021986453496,
      "support": 6179.0
    }
  }
}