{
  "False": {
    "precision": 0.9326776326945905,
    "recall": 0.7523939808481532,
    "f1-score": 0.8328916483682895,
    "support": 7310.0
  },
  "True": {
    "precision": 0.22682614267407092,
    "recall": 0.572198275862069,
    "f1-score": 0.3248699908228816,
    "support": 928.0
  },
  "accuracy": 0.7320951687302744,
  "macro avg": {
    "precision": 0.5797518876843307,
    "recall": 0.6622961283551111,
    "f1-score": 0.5788808195955856,
    "support": 8238.0
  },
  "weighted avg": {
    "precision": 0.8531643791453015,
    "recall": 0.7320951687302744,
    "f1-score": 0.7756636684942741,
    "support": 8238.0
  }
}