{
  "False": {
    "precision": 0.9352176604085001,
    "recall": 0.620109439124487,
    "f1-score": 0.745743193222012,
    "support": 7310.0
  },
  "True": {
    "precision": 0.18106753170156295,
    "recall": 0.6616379310344828,
    "f1-score": 0.2843250752489002,
    "support": 928.0
  },
  "accuracy": 0.6247875697984948,
  "macro avg": {
    "precision": 0.5581425960550315,
    "recall": 0.640873685079485,
    "f1-score": 0.5150341342354561,
    "support": 8238.0
  },
  "weighted avg": {
    "precision": 0.8502636279443052,
    "recall": 0.6247875697984948,
    "f1-score": 0.6937650415493913,
    "support": 8238.0
  },
  "weighted_f1_score": 0.6937650415493913,
  "macro_f1_score": 0.5150341342354561
}