{
  "f1-score": 0.48201180057467485,
  "accuracy": 0.5615440640932265
}