{
  "False": {
    "precision": 0.9402769167183302,
    "recall": 0.6224350205198358,
    "f1-score": 0.7490328422092354,
    "support": 7310.0
  },
  "True": {
    "precision": 0.1879964695498676,
    "recall": 0.6885775862068966,
    "f1-score": 0.29535474924890226,
    "support": 928.0
  },
  "accuracy": 0.6298858946346201,
  "macro avg": {
    "precision": 0.564136693134099,
    "recall": 0.6555063033633661,
    "f1-score": 0.5221937957290688,
    "support": 8238.0
  },
  "weighted avg": {
    "precision": 0.8555335014509918,
    "recall": 0.6298858946346201,
    "f1-score": 0.6979265943011037,
    "support": 8238.0
  },
  "weighted_f1_score": 0.6979265943011037,
  "macro_f1_score": 0.5221937957290688
}