{
  "False": {
    "precision": 0.9178557140952127,
    "recall": 0.9415868673050616,
    "f1-score": 0.9295698561685461,
    "support": 7310.0
  },
  "True": {
    "precision": 0.42219215155615697,
    "recall": 0.33620689655172414,
    "f1-score": 0.3743251349730054,
    "support": 928.0
  },
  "accuracy": 0.8733915999028891,
  "macro avg": {
    "precision": 0.6700239328256848,
    "recall": 0.6388968819283929,
    "f1-score": 0.6519474955707758,
    "support": 8238.0
  },
  "weighted avg": {
    "precision": 0.8620198575722406,
    "recall": 0.8733915999028891,
    "f1-score": 0.8670222595104421,
    "support": 8238.0
  }
}