{
  "False": {
    "precision": 0.9427645788336934,
    "recall": 0.5971272229822161,
    "f1-score": 0.7311557788944724,
    "support": 7310.0
  },
  "True": {
    "precision": 0.18375831485587582,
    "recall": 0.7144396551724138,
    "f1-score": 0.2923280423280423,
    "support": 928.0
  },
  "accuracy": 0.6103423160961399,
  "macro avg": {
    "precision": 0.5632614468447846,
    "recall": 0.655783439077315,
    "f1-score": 0.5117419106112573,
    "support": 8238.0
  },
  "weighted avg": {
    "precision": 0.8572635090386685,
    "recall": 0.6103423160961399,
    "f1-score": 0.6817224043455956,
    "support": 8238.0
  }
}