{
  "False": {
    "precision": 0.9454674220963173,
    "recall": 0.5478796169630643,
    "f1-score": 0.693746752121947,
    "support": 7310.0
  },
  "True": {
    "precision": 0.17416291854072963,
    "recall": 0.7510775862068966,
    "f1-score": 0.2827586206896552,
    "support": 928.0
  },
  "accuracy": 0.5707696042728818,
  "macro avg": {
    "precision": 0.5598151703185235,
    "recall": 0.6494786015849805,
    "f1-score": 0.4882526864058011,
    "support": 8238.0
  },
  "weighted avg": {
    "precision": 0.8585809715865351,
    "recall": 0.5707696042728818,
    "f1-score": 0.6474494729317107,
    "support": 8238.0
  },
  "weighted_f1_score": 0.6474494729317107,
  "macro_f1_score": 0.4882526864058011
}