{
  "False": {
    "precision": 0.9415735076987978,
    "recall": 0.6106703146374829,
    "f1-score": 0.7408513816280806,
    "support": 7310.0
  },
  "True": {
    "precision": 0.18615956534172148,
    "recall": 0.7015086206896551,
    "f1-score": 0.29423728813559324,
    "support": 928.0
  },
  "accuracy": 0.6209031318281136,
  "macro avg": {
    "precision": 0.5638665365202596,
    "recall": 0.656089467663569,
    "f1-score": 0.5175443348818369,
    "support": 8238.0
  },
  "weighted avg": {
    "precision": 0.8564771082684303,
    "recall": 0.6209031318281136,
    "f1-score": 0.6905408840848628,
    "support": 8238.0
  }
}