{
  "False": {
    "precision": 0.9483216614344361,
    "recall": 0.5372093023255814,
    "f1-score": 0.6858789625360231,
    "support": 7310.0
  },
  "True": {
    "precision": 0.17427385892116182,
    "recall": 0.7693965517241379,
    "f1-score": 0.28417910447761197,
    "support": 928.0
  },
  "accuracy": 0.5633648943918427,
  "macro avg": {
    "precision": 0.561297760177799,
    "recall": 0.6533029270248596,
    "f1-score": 0.48502903350681753,
    "support": 8238.0
  },
  "weighted avg": {
    "precision": 0.8611261818602288,
    "recall": 0.5633648943918427,
    "f1-score": 0.6406279952771975,
    "support": 8238.0
  }
}