{
  "0": {
    "precision": 0.9123658661216147,
    "recall": 0.9770177838577291,
    "f1-score": 0.9435856784251553,
    "support": 7310.0
  },
  "1": {
    "precision": 0.5902439024390244,
    "recall": 0.2607758620689655,
    "f1-score": 0.3617339312406577,
    "support": 928.0
  },
  "accuracy": 0.8963340616654528,
  "macro avg": {
    "precision": 0.7513048842803196,
    "recall": 0.6188968229633474,
    "f1-score": 0.6526598048329065,
    "support": 8238.0
  },
  "weighted avg": {
    "precision": 0.8760792453037652,
    "recall": 0.8963340616654528,
    "f1-score": 0.8780408348481689,
    "support": 8238.0
  }
}