{
  "metrics": {
    "precision": 0.11541027351567712,
    "recall": 0.9942528735632183,
    "fbeta": 0.6866682232080318,
    "threshold": 0.10686745745424706
  },
  "full_cls_report": {
    "False": {
      "precision": 0.9781420765027322,
      "recall": 0.03264636148094109,
      "f1-score": 0.06318390398870455,
      "support": 5483.0
    },
    "True": {
      "precision": 0.11541027351567712,
      "recall": 0.9942528735632183,
      "f1-score": 0.20681410639569636,
      "support": 696.0
    },
    "accuracy": 0.14096132060203917,
    "macro avg": {
      "precision": 0.5467761750092046,
      "recall": 0.5134496175220797,
      "f1-score": 0.13499900519220046,
      "support": 6179.0
    },
    "weighted avg": {
      "precision": 0.8809643236496832,
      "recall": 0.14096132060203917,
      "f1-score": 0.07936235048089849,
      "support": 6179.0
    }
  }
}